word,frequency,zipf_frequency
the,0.0537031796370252,7.73
to,0.0269153480392691,7.43
and,0.0257039578276886,7.41
of,0.0251188643150957,7.4
a,0.0229086765276777,7.36
in,0.0186208713666286,7.27
i,0.0123026877081238,7.09
being,0.0117489755493952,7.07
was,0.0117489755493952,7.07
were,0.0117489755493952,7.07
am,0.0117489755493952,7.07
are,0.0117489755493952,7.07
is,0.0117489755493952,7.07
been,0.0117489755493952,7.07
be,0.0117489755493952,7.07
for,0.0102329299228075,7.01
that,0.0102329299228075,7.01
you,0.0095499258602143,6.98
it,0.0089125093813374,6.95
on,0.0081283051616409,6.91
with,0.0070794578438413,6.85
00,0.0069183097091893,6.84
this,0.0066069344800759,6.82
as,0.0058884365535558,6.77
had,0.0051286138399136,6.71
have,0.0051286138399136,6.71
has,0.0051286138399136,6.71
having,0.0051286138399136,6.71
at,0.0050118723362727,6.7
he,0.0048977881936844,6.69
not,0.0048977881936844,6.69
by,0.0045708818961487,6.66
0000,0.0042657951880159,6.63
but,0.0042657951880159,6.63
from,0.0042657951880159,6.63
my,0.0037153522909717,6.57
or,0.0034673685045253,6.54
we,0.0034673685045253,6.54
an,0.003388441561392,6.53
your,0.003388441561392,6.53
all,0.0033113112148259,6.52
so,0.0033113112148259,6.52
his,0.0032359365692962,6.51
they,0.0031622776601683,6.5
me,0.003019951720402,6.48
if,0.0029512092266663,6.47
one,0.0029512092266663,6.47
ones,0.0029512092266663,6.47
can,0.0028840315031266,6.46
could,0.0028840315031266,6.46
will,0.0028183829312644,6.45
would,0.0028183829312644,6.45
just,0.0026915348039269,6.43
like,0.0025703957827688,6.41
likes,0.0025703957827688,6.41
liking,0.0025703957827688,6.41
liked,0.0025703957827688,6.41
about,0.0025118864315095,6.4
upped,0.002454708915685,6.39
up,0.002454708915685,6.39
ups,0.002454708915685,6.39
upping,0.002454708915685,6.39
outs,0.0023988329190194,6.38
out,0.0023988329190194,6.38
what,0.0023988329190194,6.38
when,0.0023442288153199,6.37
much,0.0022908676527677,6.36
most,0.0022908676527677,6.36
more,0.0022908676527677,6.36
doing,0.0022387211385683,6.35
done,0.0022387211385683,6.35
do,0.0022387211385683,6.35
did,0.0022387211385683,6.35
does,0.0022387211385683,6.35
no,0.0022387211385683,6.35
who,0.0021877616239495,6.34
it's,0.0021379620895022,6.33
their,0.0021379620895022,6.33
there,0.0020417379446695,6.31
her,0.0019952623149688,6.3
which,0.0019952623149688,6.3
time,0.001949844599758,6.29
timed,0.001949844599758,6.29
timing,0.001949844599758,6.29
times,0.001949844599758,6.29
getting,0.0019054607179632,6.28
get,0.0019054607179632,6.28
gets,0.0019054607179632,6.28
gotten,0.0019054607179632,6.28
got,0.0019054607179632,6.28
000,0.0018197008586099,6.26
she,0.0018197008586099,6.26
new,0.0017782794100389,6.25
newer,0.0017782794100389,6.25
newest,0.0017782794100389,6.25
peopling,0.0017782794100389,6.25
peoples,0.0017782794100389,6.25
peopled,0.0017782794100389,6.25
people,0.0017782794100389,6.25
hows,0.0017378008287493,6.24
how,0.0017378008287493,6.24
don't,0.0015848931924611,6.2
some,0.0015848931924611,6.2
also,0.0015488166189124,6.19
them,0.0015488166189124,6.19
now,0.0015135612484362,6.18
other,0.0014454397707459,6.16
others,0.0014454397707459,6.16
i'm,0.0014125375446227,6.15
its,0.0013803842646028,6.14
our,0.0013803842646028,6.14
than,0.0013489628825916,6.13
goods,0.0013182567385564,6.12
best,0.0013182567385564,6.12
good,0.0013182567385564,6.12
better,0.0013182567385564,6.12
only,0.0013182567385564,6.12
after,0.0012882495516931,6.11
first,0.0012882495516931,6.11
firsts,0.0012882495516931,6.11
him,0.0012882495516931,6.11
into,0.0012882495516931,6.11
knows,0.0012589254117941,6.1
knew,0.0012589254117941,6.1
know,0.0012589254117941,6.1
knowing,0.0012589254117941,6.1
known,0.0012589254117941,6.1
seeing,0.0012589254117941,6.1
see,0.0012589254117941,6.1
saw,0.0012589254117941,6.1
sees,0.0012589254117941,6.1
seen,0.0012589254117941,6.1
two,0.0012589254117941,6.1
making,0.0012022644346174,6.08
make,0.0012022644346174,6.08
makes,0.0012022644346174,6.08
made,0.0012022644346174,6.08
over,0.0012022644346174,6.08
overed,0.0012022644346174,6.08
overing,0.0012022644346174,6.08
overs,0.0012022644346174,6.08
thinking,0.0012022644346174,6.08
thought,0.0012022644346174,6.08
think,0.0012022644346174,6.08
thinks,0.0012022644346174,6.08
any,0.0011748975549395,6.07
then,0.0011748975549395,6.07
backed,0.0010964781961431,6.04
back,0.0010964781961431,6.04
backs,0.0010964781961431,6.04
backing,0.0010964781961431,6.04
these,0.0010964781961431,6.04
us,0.0010964781961431,6.04
wants,0.0010964781961431,6.04
want,0.0010964781961431,6.04
wanted,0.0010964781961431,6.04
wanting,0.0010964781961431,6.04
because,0.0010715193052376,6.03
goes,0.0010715193052376,6.03
going,0.0010715193052376,6.03
gone,0.0010715193052376,6.03
go,0.0010715193052376,6.03
went,0.0010715193052376,6.03
welled,0.0010715193052376,6.03
welling,0.0010715193052376,6.03
well,0.0010715193052376,6.03
wells,0.0010715193052376,6.03
says,0.0010232929922807,6.01
saying,0.0010232929922807,6.01
said,0.0010232929922807,6.01
say,0.0010232929922807,6.01
way,0.0010232929922807,6.01
ways,0.0010232929922807,6.01
1,0.001,6.0
2,0.001,6.0
very,0.001,6.0
wheres,0.001,6.0
where,0.001,6.0
evened,0.0009772372209558,5.99
evening,0.0009772372209558,5.99
even,0.0009772372209558,5.99
evens,0.0009772372209558,5.99
shall,0.0009772372209558,5.99
should,0.0009772372209558,5.99
might,0.0009549925860214,5.98
may,0.0009549925860214,5.98
here,0.0009332543007969,5.97
needed,0.0009332543007969,5.97
needs,0.0009332543007969,5.97
needing,0.0009332543007969,5.97
need,0.0009332543007969,5.97
really,0.0009332543007969,5.97
righter,0.0009120108393559,5.96
rights,0.0009120108393559,5.96
righted,0.0009120108393559,5.96
right,0.0009120108393559,5.96
righting,0.0009120108393559,5.96
rightest,0.0009120108393559,5.96
worked,0.0009120108393559,5.96
working,0.0009120108393559,5.96
work,0.0009120108393559,5.96
works,0.0009120108393559,5.96
year,0.0009120108393559,5.96
years,0.0009120108393559,5.96
beings,0.0008912509381337,5.95
day,0.0008912509381337,5.95
days,0.0008912509381337,5.95
too,0.0008912509381337,5.95
before,0.0008511380382023,5.93
off,0.0008511380382023,5.93
why,0.0008511380382023,5.93
whies,0.0008511380382023,5.93
stilling,0.0008317637711026,5.92
stilled,0.0008317637711026,5.92
stills,0.0008317637711026,5.92
stiller,0.0008317637711026,5.92
stillest,0.0008317637711026,5.92
still,0.0008317637711026,5.92
take,0.0008317637711026,5.92
takes,0.0008317637711026,5.92
taken,0.0008317637711026,5.92
taking,0.0008317637711026,5.92
took,0.0008317637711026,5.92
3,0.000812830516164,5.91
many,0.000812830516164,5.91
never,0.000812830516164,5.91
those,0.0007943282347242,5.9
life,0.0007762471166286,5.89
lives,0.0007762471166286,5.89
worlds,0.0007762471166286,5.89
world,0.0007762471166286,5.89
downed,0.0007585775750291,5.88
downing,0.0007585775750291,5.88
down,0.0007585775750291,5.88
downs,0.0007585775750291,5.88
great,0.0007585775750291,5.88
greats,0.0007585775750291,5.88
greatest,0.0007585775750291,5.88
greater,0.0007585775750291,5.88
through,0.0007413102413009,5.87
you're,0.0007413102413009,5.87
lasting,0.0007244359600749,5.86
last,0.0007244359600749,5.86
lasted,0.0007244359600749,5.86
lasts,0.0007244359600749,5.86
s,0.0007244359600749,5.86
that's,0.0007244359600749,5.86
whiles,0.0007244359600749,5.86
whiled,0.0007244359600749,5.86
while,0.0007244359600749,5.86
whiling,0.0007244359600749,5.86
bested,0.0006918309709189,5.84
besting,0.0006918309709189,5.84
bests,0.0006918309709189,5.84
such,0.0006918309709189,5.84
loves,0.0006606934480075,5.82
loved,0.0006606934480075,5.82
love,0.0006606934480075,5.82
loving,0.0006606934480075,5.82
manned,0.0006606934480075,5.82
mans,0.0006606934480075,5.82
manning,0.0006606934480075,5.82
man,0.0006606934480075,5.82
men,0.0006606934480075,5.82
home,0.0006456542290346,5.81
homes,0.0006456542290346,5.81
homed,0.0006456542290346,5.81
homing,0.0006456542290346,5.81
long,0.0006456542290346,5.81
longed,0.0006456542290346,5.81
longs,0.0006456542290346,5.81
longing,0.0006456542290346,5.81
longest,0.0006456542290346,5.81
longer,0.0006456542290346,5.81
looking,0.0006456542290346,5.81
looked,0.0006456542290346,5.81
look,0.0006456542290346,5.81
looks,0.0006456542290346,5.81
something,0.0006456542290346,5.81
use,0.0006456542290346,5.81
using,0.0006456542290346,5.81
uses,0.0006456542290346,5.81
used,0.0006456542290346,5.81
can't,0.0006309573444801,5.8
same,0.0006309573444801,5.8
both,0.0006165950018614,5.79
every,0.0006165950018614,5.79
4,0.0006025595860743,5.78
come,0.0006025595860743,5.78
coming,0.0006025595860743,5.78
came,0.0006025595860743,5.78
comes,0.0006025595860743,5.78
parted,0.0006025595860743,5.78
part,0.0006025595860743,5.78
parting,0.0006025595860743,5.78
parts,0.0006025595860743,5.78
stating,0.0006025595860743,5.78
state,0.0006025595860743,5.78
states,0.0006025595860743,5.78
stated,0.0006025595860743,5.78
three,0.0006025595860743,5.78
around,0.0005888436553555,5.77
between,0.0005888436553555,5.77
always,0.0005754399373371,5.76
bettering,0.0005754399373371,5.76
bettered,0.0005754399373371,5.76
betters,0.0005754399373371,5.76
finding,0.0005754399373371,5.76
finds,0.0005754399373371,5.76
find,0.0005754399373371,5.76
found,0.0005754399373371,5.76
5,0.0005623413251903,5.75
helping,0.0005623413251903,5.75
help,0.0005623413251903,5.75
helped,0.0005623413251903,5.75
helps,0.0005623413251903,5.75
highest,0.0005623413251903,5.75
highs,0.0005623413251903,5.75
high,0.0005623413251903,5.75
higher,0.0005623413251903,5.75
littler,0.0005623413251903,5.75
little,0.0005623413251903,5.75
littlest,0.0005623413251903,5.75
older,0.0005623413251903,5.75
old,0.0005623413251903,5.75
elder,0.0005623413251903,5.75
eldest,0.0005623413251903,5.75
olds,0.0005623413251903,5.75
oldest,0.0005623413251903,5.75
since,0.0005623413251903,5.75
another,0.0005495408738576,5.74
doe,0.0005495408738576,5.74
own,0.0005495408738576,5.74
owning,0.0005495408738576,5.74
owned,0.0005495408738576,5.74
owns,0.0005495408738576,5.74
things,0.0005495408738576,5.74
thing,0.0005495408738576,5.74
under,0.0005370317963702,5.73
during,0.0005248074602497,5.72
games,0.0005248074602497,5.72
gamest,0.0005248074602497,5.72
gaming,0.0005248074602497,5.72
gamer,0.0005248074602497,5.72
gamed,0.0005248074602497,5.72
game,0.0005248074602497,5.72
i've,0.0005248074602497,5.72
gave,0.0005128613839913,5.71
gives,0.0005128613839913,5.71
giving,0.0005128613839913,5.71
give,0.0005128613839913,5.71
given,0.0005128613839913,5.71
houses,0.0005128613839913,5.71
housing,0.0005128613839913,5.71
housed,0.0005128613839913,5.71
house,0.0005128613839913,5.71
placed,0.0005128613839913,5.71
place,0.0005128613839913,5.71
placing,0.0005128613839913,5.71
places,0.0005128613839913,5.71
schools,0.0005128613839913,5.71
schooling,0.0005128613839913,5.71
school,0.0005128613839913,5.71
schooled,0.0005128613839913,5.71
again,0.0005011872336272,5.7
next,0.0005011872336272,5.7
each,0.0004897788193684,5.69
mr,0.0004897788193684,5.69
without,0.0004897788193684,5.69
against,0.0004786300923226,5.68
didn't,0.0004786300923226,5.68
end,0.0004786300923226,5.68
ends,0.0004786300923226,5.68
ending,0.0004786300923226,5.68
ended,0.0004786300923226,5.68
founding,0.0004786300923226,5.68
founded,0.0004786300923226,5.68
founds,0.0004786300923226,5.68
must,0.0004786300923226,5.68
shown,0.0004786300923226,5.68
show,0.0004786300923226,5.68
shows,0.0004786300923226,5.68
showed,0.0004786300923226,5.68
showing,0.0004786300923226,5.68
bigger,0.0004677351412871,5.67
biggest,0.0004677351412871,5.67
big,0.0004677351412871,5.67
feel,0.0004677351412871,5.67
felt,0.0004677351412871,5.67
feeling,0.0004677351412871,5.67
feels,0.0004677351412871,5.67
surest,0.0004677351412871,5.67
sure,0.0004677351412871,5.67
surer,0.0004677351412871,5.67
teamed,0.0004677351412871,5.67
team,0.0004677351412871,5.67
teams,0.0004677351412871,5.67
teaming,0.0004677351412871,5.67
ever,0.0004570881896148,5.66
families,0.0004570881896148,5.66
family,0.0004570881896148,5.66
kept,0.0004570881896148,5.66
keeps,0.0004570881896148,5.66
keep,0.0004570881896148,5.66
keeping,0.0004570881896148,5.66
pleases,0.0004570881896148,5.66
please,0.0004570881896148,5.66
pleased,0.0004570881896148,5.66
pleasing,0.0004570881896148,5.66
put,0.0004570881896148,5.66
putting,0.0004570881896148,5.66
puts,0.0004570881896148,5.66
money,0.0004365158322401,5.64
moneys,0.0004365158322401,5.64
monies,0.0004365158322401,5.64
freed,0.0004265795188015,5.63
freeer,0.0004265795188015,5.63
freeing,0.0004265795188015,5.63
free,0.0004265795188015,5.63
freeest,0.0004265795188015,5.63
frees,0.0004265795188015,5.63
seconded,0.0004265795188015,5.63
second,0.0004265795188015,5.63
seconds,0.0004265795188015,5.63
seconding,0.0004265795188015,5.63
someone,0.0004265795188015,5.63
away,0.0004168693834703,5.62
leaves,0.0004168693834703,5.62
left,0.0004168693834703,5.62
leave,0.0004168693834703,5.62
lefts,0.0004168693834703,5.62
leaving,0.0004168693834703,5.62
numbest,0.0004168693834703,5.62
numbed,0.0004168693834703,5.62
numbs,0.0004168693834703,5.62
numbering,0.0004168693834703,5.62
numbing,0.0004168693834703,5.62
numb,0.0004168693834703,5.62
number,0.0004168693834703,5.62
numbered,0.0004168693834703,5.62
numbers,0.0004168693834703,5.62
cities,0.0004073802778041,5.61
city,0.0004073802778041,5.61
lots,0.0004073802778041,5.61
lot,0.0004073802778041,5.61
names,0.0004073802778041,5.61
naming,0.0004073802778041,5.61
named,0.0004073802778041,5.61
name,0.0004073802778041,5.61
night,0.0004073802778041,5.61
nights,0.0004073802778041,5.61
plays,0.0004073802778041,5.61
played,0.0004073802778041,5.61
playing,0.0004073802778041,5.61
play,0.0004073802778041,5.61
until,0.0004073802778041,5.61
companies,0.0003981071705534,5.6
company,0.0003981071705534,5.6
doings,0.0003981071705534,5.6
few,0.0003981071705534,5.6
fewer,0.0003981071705534,5.6
fewest,0.0003981071705534,5.6
he's,0.0003981071705534,5.6
lets,0.0003981071705534,5.6
let,0.0003981071705534,5.6
letting,0.0003981071705534,5.6
reals,0.0003981071705534,5.6
real,0.0003981071705534,5.6
rial,0.0003981071705534,5.6
reis,0.0003981071705534,5.6
realer,0.0003981071705534,5.6
reales,0.0003981071705534,5.6
rials,0.0003981071705534,5.6
realest,0.0003981071705534,5.6
riales,0.0003981071705534,5.6
6,0.0003890451449942,5.59
calling,0.0003890451449942,5.59
called,0.0003890451449942,5.59
calls,0.0003890451449942,5.59
call,0.0003890451449942,5.59
different,0.0003890451449942,5.59
set,0.0003890451449942,5.59
sets,0.0003890451449942,5.59
setting,0.0003890451449942,5.59
thoughts,0.0003890451449942,5.59
0.0,0.0003801893963205,5.58
however,0.0003801893963205,5.58
god,0.0003715352290971,5.57
gods,0.0003715352290971,5.57
governments,0.0003715352290971,5.57
government,0.0003715352290971,5.57
grouping,0.0003715352290971,5.57
groups,0.0003715352290971,5.57
group,0.0003715352290971,5.57
grouped,0.0003715352290971,5.57
public,0.0003715352290971,5.57
publics,0.0003715352290971,5.57
tops,0.0003715352290971,5.57
topping,0.0003715352290971,5.57
topped,0.0003715352290971,5.57
top,0.0003715352290971,5.57
women,0.0003715352290971,5.57
woman,0.0003715352290971,5.57
businesses,0.0003630780547701,5.56
business,0.0003630780547701,5.56
cares,0.0003630780547701,5.56
care,0.0003630780547701,5.56
caring,0.0003630780547701,5.56
cared,0.0003630780547701,5.56
started,0.0003630780547701,5.56
starts,0.0003630780547701,5.56
start,0.0003630780547701,5.56
starting,0.0003630780547701,5.56
systems,0.0003630780547701,5.56
system,0.0003630780547701,5.56
week,0.0003630780547701,5.56
weeks,0.0003630780547701,5.56
7,0.0003548133892335,5.55
already,0.0003548133892335,5.55
anything,0.0003548133892335,5.55
cases,0.0003548133892335,5.55
casing,0.0003548133892335,5.55
case,0.0003548133892335,5.55
cased,0.0003548133892335,5.55
nothings,0.0003548133892335,5.55
nothing,0.0003548133892335,5.55
persons,0.0003548133892335,5.55
person,0.0003548133892335,5.55
todays,0.0003548133892335,5.55
today,0.0003548133892335,5.55
changing,0.0003467368504525,5.54
changed,0.0003467368504525,5.54
changes,0.0003467368504525,5.54
change,0.0003467368504525,5.54
enough,0.0003467368504525,5.54
everything,0.0003467368504525,5.54
fulled,0.0003467368504525,5.54
fullest,0.0003467368504525,5.54
fulling,0.0003467368504525,5.54
full,0.0003467368504525,5.54
fulls,0.0003467368504525,5.54
fuller,0.0003467368504525,5.54
lived,0.0003467368504525,5.54
live,0.0003467368504525,5.54
living,0.0003467368504525,5.54
points,0.0003467368504525,5.54
point,0.0003467368504525,5.54
pointing,0.0003467368504525,5.54
pointed,0.0003467368504525,5.54
read,0.0003467368504525,5.54
reads,0.0003467368504525,5.54
reading,0.0003467368504525,5.54
there's,0.0003467368504525,5.54
tell,0.0003467368504525,5.54
told,0.0003467368504525,5.54
telling,0.0003467368504525,5.54
tells,0.0003467368504525,5.54
yet,0.0003467368504525,5.54
worse,0.0003388441561392,5.53
worst,0.0003388441561392,5.53
bad,0.0003388441561392,5.53
doesn't,0.0003388441561392,5.53
four,0.0003388441561392,5.53
hard,0.0003388441561392,5.53
harder,0.0003388441561392,5.53
hardest,0.0003388441561392,5.53
mean,0.0003388441561392,5.53
means,0.0003388441561392,5.53
meaning,0.0003388441561392,5.53
meaner,0.0003388441561392,5.53
meant,0.0003388441561392,5.53
meanest,0.0003388441561392,5.53
once,0.0003388441561392,5.53
support,0.0003388441561392,5.53
supported,0.0003388441561392,5.53
supporting,0.0003388441561392,5.53
supports,0.0003388441561392,5.53
including,0.0003311311214825,5.52
included,0.0003311311214825,5.52
includes,0.0003311311214825,5.52
include,0.0003311311214825,5.52
music,0.0003311311214825,5.52
powered,0.0003311311214825,5.52
powers,0.0003311311214825,5.52
power,0.0003311311214825,5.52
powering,0.0003311311214825,5.52
stops,0.0003311311214825,5.52
stop,0.0003311311214825,5.52
stopped,0.0003311311214825,5.52
stopping,0.0003311311214825,5.52
water,0.0003311311214825,5.52
watered,0.0003311311214825,5.52
watering,0.0003311311214825,5.52
waters,0.0003311311214825,5.52
baser,0.0003235936569296,5.51
basest,0.0003235936569296,5.51
basing,0.0003235936569296,5.51
base,0.0003235936569296,5.51
based,0.0003235936569296,5.51
bases,0.0003235936569296,5.51
believes,0.0003235936569296,5.51
believed,0.0003235936569296,5.51
believing,0.0003235936569296,5.51
believe,0.0003235936569296,5.51
heading,0.0003235936569296,5.51
headed,0.0003235936569296,5.51
heads,0.0003235936569296,5.51
head,0.0003235936569296,5.51
national,0.0003235936569296,5.51
nationals,0.0003235936569296,5.51
smallest,0.0003235936569296,5.51
smaller,0.0003235936569296,5.51
small,0.0003235936569296,5.51
whiting,0.0003235936569296,5.51
white,0.0003235936569296,5.51
whited,0.0003235936569296,5.51
whitest,0.0003235936569296,5.51
whiter,0.0003235936569296,5.51
whites,0.0003235936569296,5.51
farther,0.0003162277660168,5.5
farthest,0.0003162277660168,5.5
far,0.0003162277660168,5.5
further,0.0003162277660168,5.5
furthest,0.0003162277660168,5.5
jobbing,0.0003162277660168,5.5
job,0.0003162277660168,5.5
jobs,0.0003162277660168,5.5
jobbed,0.0003162277660168,5.5
sides,0.0003162277660168,5.5
side,0.0003162277660168,5.5
sided,0.0003162277660168,5.5
siding,0.0003162277660168,5.5
though,0.0003162277660168,5.5
tries,0.0003162277660168,5.5
tried,0.0003162277660168,5.5
try,0.0003162277660168,5.5
trying,0.0003162277660168,5.5
yes,0.0003162277660168,5.5
yeses,0.0003162277660168,5.5
actually,0.0003090295432513,5.49
american,0.0003090295432513,5.49
later,0.0003090295432513,5.49
latest,0.0003090295432513,5.49
late,0.0003090295432513,5.49
less,0.0003090295432513,5.49
least,0.0003090295432513,5.49
lining,0.0003090295432513,5.49
lined,0.0003090295432513,5.49
line,0.0003090295432513,5.49
lines,0.0003090295432513,5.49
ordered,0.0003090295432513,5.49
ordering,0.0003090295432513,5.49
orders,0.0003090295432513,5.49
order,0.0003090295432513,5.49
partying,0.0003090295432513,5.49
parties,0.0003090295432513,5.49
party,0.0003090295432513,5.49
partied,0.0003090295432513,5.49
running,0.0003090295432513,5.49
runs,0.0003090295432513,5.49
run,0.0003090295432513,5.49
ran,0.0003090295432513,5.49
services,0.0003090295432513,5.49
serviced,0.0003090295432513,5.49
servicing,0.0003090295432513,5.49
service,0.0003090295432513,5.49
8,0.0003019951720402,5.48
countries,0.0003019951720402,5.48
country,0.0003019951720402,5.48
opened,0.0003019951720402,5.48
opening,0.0003019951720402,5.48
opens,0.0003019951720402,5.48
open,0.0003019951720402,5.48
seasons,0.0003019951720402,5.48
season,0.0003019951720402,5.48
seasoning,0.0003019951720402,5.48
seasoned,0.0003019951720402,5.48
shit,0.0003019951720402,5.48
shitting,0.0003019951720402,5.48
shits,0.0003019951720402,5.48
shitted,0.0003019951720402,5.48
shat,0.0003019951720402,5.48
thanked,0.0003019951720402,5.48
thanks,0.0003019951720402,5.48
thank,0.0003019951720402,5.48
thanking,0.0003019951720402,5.48
children,0.0002951209226666,5.47
child,0.0002951209226666,5.47
everyone,0.0002951209226666,5.47
generals,0.0002951209226666,5.47
general,0.0002951209226666,5.47
they're,0.0002951209226666,5.47
united,0.0002951209226666,5.47
uniting,0.0002951209226666,5.47
unites,0.0002951209226666,5.47
unite,0.0002951209226666,5.47
areae,0.0002884031503126,5.46
area,0.0002884031503126,5.46
areas,0.0002884031503126,5.46
black,0.0002884031503126,5.46
blacker,0.0002884031503126,5.46
blacks,0.0002884031503126,5.46
blacked,0.0002884031503126,5.46
blackest,0.0002884031503126,5.46
blacking,0.0002884031503126,5.46
d,0.0002884031503126,5.46
followings,0.0002884031503126,5.46
follow,0.0002884031503126,5.46
followed,0.0002884031503126,5.46
follows,0.0002884031503126,5.46
following,0.0002884031503126,5.46
law,0.0002884031503126,5.46
laws,0.0002884031503126,5.46
together,0.0002884031503126,5.46
war,0.0002884031503126,5.46
warring,0.0002884031503126,5.46
warred,0.0002884031503126,5.46
wars,0.0002884031503126,5.46
whole,0.0002884031503126,5.46
wholes,0.0002884031503126,5.46
cars,0.0002818382931264,5.45
car,0.0002818382931264,5.45
faces,0.0002818382931264,5.45
face,0.0002818382931264,5.45
faced,0.0002818382931264,5.45
facing,0.0002818382931264,5.45
five,0.0002818382931264,5.45
kinder,0.0002818382931264,5.45
kindest,0.0002818382931264,5.45
kind,0.0002818382931264,5.45
kinds,0.0002818382931264,5.45
maybe,0.0002818382931264,5.45
per,0.0002818382931264,5.45
presidents,0.0002818382931264,5.45
president,0.0002818382931264,5.45
story,0.0002818382931264,5.45
stories,0.0002818382931264,5.45
workings,0.0002818382931264,5.45
course,0.0002754228703338,5.44
courses,0.0002754228703338,5.44
coursing,0.0002754228703338,5.44
coursed,0.0002754228703338,5.44
health,0.0002754228703338,5.44
hoping,0.0002754228703338,5.44
hope,0.0002754228703338,5.44
hopes,0.0002754228703338,5.44
hoped,0.0002754228703338,5.44
important,0.0002754228703338,5.44
news,0.0002754228703338,5.44
within,0.0002754228703338,5.44
able,0.0002691534803926,5.43
ablest,0.0002691534803926,5.43
abler,0.0002691534803926,5.43
books,0.0002691534803926,5.43
book,0.0002691534803926,5.43
booked,0.0002691534803926,5.43
booking,0.0002691534803926,5.43
earlier,0.0002691534803926,5.43
earliest,0.0002691534803926,5.43
early,0.0002691534803926,5.43
friends,0.0002691534803926,5.43
friend,0.0002691534803926,5.43
i'll,0.0002691534803926,5.43
informations,0.0002691534803926,5.43
information,0.0002691534803926,5.43
locals,0.0002691534803926,5.43
local,0.0002691534803926,5.43
oh,0.0002691534803926,5.43
posts,0.0002691534803926,5.43
post,0.0002691534803926,5.43
posting,0.0002691534803926,5.43
posted,0.0002691534803926,5.43
t,0.0002691534803926,5.43
videos,0.0002691534803926,5.43
video,0.0002691534803926,5.43
videoed,0.0002691534803926,5.43
videoing,0.0002691534803926,5.43
young,0.0002691534803926,5.43
younger,0.0002691534803926,5.43
youngest,0.0002691534803926,5.43
ago,0.0002630267991895,5.42
social,0.0002630267991895,5.42
socials,0.0002630267991895,5.42
talks,0.0002630267991895,5.42
talked,0.0002630267991895,5.42
talking,0.0002630267991895,5.42
talk,0.0002630267991895,5.42
"0,000",0.0002570395782768,5.41
00th,0.0002570395782768,5.41
9,0.0002570395782768,5.41
courting,0.0002570395782768,5.41
courted,0.0002570395782768,5.41
court,0.0002570395782768,5.41
courts,0.0002570395782768,5.41
facts,0.0002570395782768,5.41
fact,0.0002570395782768,5.41
givens,0.0002570395782768,5.41
guyed,0.0002570395782768,5.41
guys,0.0002570395782768,5.41
guy,0.0002570395782768,5.41
guying,0.0002570395782768,5.41
halfs,0.0002570395782768,5.41
half,0.0002570395782768,5.41
halves,0.0002570395782768,5.41
handed,0.0002570395782768,5.41
handing,0.0002570395782768,5.41
hand,0.0002570395782768,5.41
hands,0.0002570395782768,5.41
isn't,0.0002570395782768,5.41
level,0.0002570395782768,5.41
levels,0.0002570395782768,5.41
levelling,0.0002570395782768,5.41
leveled,0.0002570395782768,5.41
levelled,0.0002570395782768,5.41
leveling,0.0002570395782768,5.41
mind,0.0002570395782768,5.41
minding,0.0002570395782768,5.41
minded,0.0002570395782768,5.41
minds,0.0002570395782768,5.41
oftener,0.0002570395782768,5.41
often,0.0002570395782768,5.41
oftenest,0.0002570395782768,5.41
singled,0.0002570395782768,5.41
singling,0.0002570395782768,5.41
single,0.0002570395782768,5.41
singles,0.0002570395782768,5.41
"00,000",0.0002511886431509,5.4
becoming,0.0002511886431509,5.4
became,0.0002511886431509,5.4
become,0.0002511886431509,5.4
becomes,0.0002511886431509,5.4
body,0.0002511886431509,5.4
bodies,0.0002511886431509,5.4
comings,0.0002511886431509,5.4
controlled,0.0002511886431509,5.4
controls,0.0002511886431509,5.4
control,0.0002511886431509,5.4
controled,0.0002511886431509,5.4
controlling,0.0002511886431509,5.4
controling,0.0002511886431509,5.4
death,0.0002511886431509,5.4
deaths,0.0002511886431509,5.4
foods,0.0002511886431509,5.4
food,0.0002511886431509,5.4
hours,0.0002511886431509,5.4
hour,0.0002511886431509,5.4
office,0.0002511886431509,5.4
offices,0.0002511886431509,5.4
pays,0.0002511886431509,5.4
payed,0.0002511886431509,5.4
paying,0.0002511886431509,5.4
paid,0.0002511886431509,5.4
pay,0.0002511886431509,5.4
problem,0.0002511886431509,5.4
problems,0.0002511886431509,5.4
south,0.0002511886431509,5.4
truing,0.0002511886431509,5.4
trues,0.0002511886431509,5.4
trueer,0.0002511886431509,5.4
truest,0.0002511886431509,5.4
true,0.0002511886431509,5.4
trued,0.0002511886431509,5.4
we're,0.0002511886431509,5.4
almost,0.0002454708915685,5.39
fuck,0.0002454708915685,5.39
histories,0.0002454708915685,5.39
history,0.0002454708915685,5.39
knowns,0.0002454708915685,5.39
large,0.0002454708915685,5.39
larger,0.0002454708915685,5.39
largest,0.0002454708915685,5.39
loses,0.0002454708915685,5.39
lost,0.0002454708915685,5.39
lose,0.0002454708915685,5.39
losing,0.0002454708915685,5.39
m,0.0002454708915685,5.39
researches,0.0002454708915685,5.39
researching,0.0002454708915685,5.39
researched,0.0002454708915685,5.39
research,0.0002454708915685,5.39
roomed,0.0002454708915685,5.39
room,0.0002454708915685,5.39
rooms,0.0002454708915685,5.39
rooming,0.0002454708915685,5.39
several,0.0002454708915685,5.39
takings,0.0002454708915685,5.39
universities,0.0002454708915685,5.39
university,0.0002454708915685,5.39
winning,0.0002454708915685,5.39
won,0.0002454708915685,5.39
wins,0.0002454708915685,5.39
win,0.0002454708915685,5.39
wrong,0.0002454708915685,5.39
wronged,0.0002454708915685,5.39
wronging,0.0002454708915685,5.39
wrongs,0.0002454708915685,5.39
along,0.0002398832919019,5.38
anyone,0.0002398832919019,5.38
else,0.0002398832919019,5.38
girl,0.0002398832919019,5.38
girls,0.0002398832919019,5.38
john,0.0002398832919019,5.38
mattered,0.0002398832919019,5.38
matters,0.0002398832919019,5.38
mattering,0.0002398832919019,5.38
matter,0.0002398832919019,5.38
pretty,0.0002398832919019,5.38
prettier,0.0002398832919019,5.38
prettiest,0.0002398832919019,5.38
remembers,0.0002398832919019,5.38
remembering,0.0002398832919019,5.38
remembered,0.0002398832919019,5.38
remember,0.0002398832919019,5.38
airs,0.0002344228815319,5.37
air,0.0002344228815319,5.37
airing,0.0002344228815319,5.37
aired,0.0002344228815319,5.37
bites,0.0002344228815319,5.37
bite,0.0002344228815319,5.37
bit,0.0002344228815319,5.37
bits,0.0002344228815319,5.37
bitten,0.0002344228815319,5.37
biting,0.0002344228815319,5.37
hits,0.0002344228815319,5.37
hitting,0.0002344228815319,5.37
hit,0.0002344228815319,5.37
nicest,0.0002344228815319,5.37
nicer,0.0002344228815319,5.37
nice,0.0002344228815319,5.37
probably,0.0002344228815319,5.37
sayings,0.0002344228815319,5.37
understand,0.0002344228815319,5.37
understanding,0.0002344228815319,5.37
understood,0.0002344228815319,5.37
understands,0.0002344228815319,5.37
yeah,0.0002344228815319,5.37
york,0.0002344228815319,5.37
class,0.0002290867652767,5.36
classes,0.0002290867652767,5.36
classing,0.0002290867652767,5.36
classed,0.0002290867652767,5.36
close,0.0002290867652767,5.36
closer,0.0002290867652767,5.36
closes,0.0002290867652767,5.36
closing,0.0002290867652767,5.36
closest,0.0002290867652767,5.36
closed,0.0002290867652767,5.36
comites,0.0002290867652767,5.36
i'd,0.0002290867652767,5.36
idea,0.0002290867652767,5.36
ideas,0.0002290867652767,5.36
internationals,0.0002290867652767,5.36
international,0.0002290867652767,5.36
past,0.0002290867652767,5.36
pasts,0.0002290867652767,5.36
possibles,0.0002290867652767,5.36
possible,0.0002290867652767,5.36
b,0.0002238721138568,5.35
causes,0.0002238721138568,5.35
caused,0.0002238721138568,5.35
cause,0.0002238721138568,5.35
causing,0.0002238721138568,5.35
due,0.0002238721138568,5.35
happy,0.0002238721138568,5.35
happier,0.0002238721138568,5.35
happiest,0.0002238721138568,5.35
human,0.0002238721138568,5.35
humans,0.0002238721138568,5.35
member,0.0002238721138568,5.35
members,0.0002238721138568,5.35
months,0.0002238721138568,5.35
month,0.0002238721138568,5.35
moved,0.0002238721138568,5.35
moves,0.0002238721138568,5.35
moving,0.0002238721138568,5.35
move,0.0002238721138568,5.35
question,0.0002238721138568,5.35
questions,0.0002238721138568,5.35
questioned,0.0002238721138568,5.35
questioning,0.0002238721138568,5.35
r,0.0002238721138568,5.35
series,0.0002238721138568,5.35
waited,0.0002238721138568,5.35
waits,0.0002238721138568,5.35
waiting,0.0002238721138568,5.35
wait,0.0002238721138568,5.35
00.0,0.0002187761623949,5.34
ask,0.0002187761623949,5.34
asks,0.0002187761623949,5.34
asking,0.0002187761623949,5.34
asked,0.0002187761623949,5.34
communities,0.0002187761623949,5.34
community,0.0002187761623949,5.34
datum,0.0002187761623949,5.34
data,0.0002187761623949,5.34
datums,0.0002187761623949,5.34
north,0.0002187761623949,5.34
sawing,0.0002187761623949,5.34
saws,0.0002187761623949,5.34
sawed,0.0002187761623949,5.34
sawn,0.0002187761623949,5.34
specials,0.0002187761623949,5.34
special,0.0002187761623949,5.34
watched,0.0002187761623949,5.34
watching,0.0002187761623949,5.34
watch,0.0002187761623949,5.34
watches,0.0002187761623949,5.34
won't,0.0002187761623949,5.34
c,0.0002137962089502,5.33
either,0.0002137962089502,5.33
fucking,0.0002137962089502,5.33
futures,0.0002137962089502,5.33
future,0.0002137962089502,5.33
lighting,0.0002137962089502,5.33
lit,0.0002137962089502,5.33
lights,0.0002137962089502,5.33
lighted,0.0002137962089502,5.33
lighter,0.0002137962089502,5.33
lightest,0.0002137962089502,5.33
light,0.0002137962089502,5.33
lowed,0.0002137962089502,5.33
lower,0.0002137962089502,5.33
low,0.0002137962089502,5.33
lowest,0.0002137962089502,5.33
lowing,0.0002137962089502,5.33
lows,0.0002137962089502,5.33
millions,0.0002137962089502,5.33
million,0.0002137962089502,5.33
mornings,0.0002137962089502,5.33
morning,0.0002137962089502,5.33
police,0.0002137962089502,5.33
policed,0.0002137962089502,5.33
policing,0.0002137962089502,5.33
polices,0.0002137962089502,5.33
shorting,0.0002137962089502,5.33
shorted,0.0002137962089502,5.33
shorter,0.0002137962089502,5.33
shorts,0.0002137962089502,5.33
shortest,0.0002137962089502,5.33
short,0.0002137962089502,5.33
staves,0.0002137962089502,5.33
staying,0.0002137962089502,5.33
stay,0.0002137962089502,5.33
staid,0.0002137962089502,5.33
stays,0.0002137962089502,5.33
stayed,0.0002137962089502,5.33
ages,0.0002089296130854,5.32
aging,0.0002089296130854,5.32
age,0.0002089296130854,5.32
aged,0.0002089296130854,5.32
ageing,0.0002089296130854,5.32
bought,0.0002089296130854,5.32
buy,0.0002089296130854,5.32
buys,0.0002089296130854,5.32
buying,0.0002089296130854,5.32
dealt,0.0002089296130854,5.32
dealing,0.0002089296130854,5.32
deal,0.0002089296130854,5.32
deals,0.0002089296130854,5.32
rather,0.0002089296130854,5.32
reason,0.0002089296130854,5.32
reasoning,0.0002089296130854,5.32
reasoned,0.0002089296130854,5.32
reasons,0.0002089296130854,5.32
reddest,0.0002089296130854,5.32
redder,0.0002089296130854,5.32
reds,0.0002089296130854,5.32
red,0.0002089296130854,5.32
reporting,0.0002089296130854,5.32
report,0.0002089296130854,5.32
reports,0.0002089296130854,5.32
reported,0.0002089296130854,5.32
soon,0.0002089296130854,5.32
sooner,0.0002089296130854,5.32
soonest,0.0002089296130854,5.32
thirding,0.0002089296130854,5.32
third,0.0002089296130854,5.32
thirds,0.0002089296130854,5.32
thirded,0.0002089296130854,5.32
turning,0.0002089296130854,5.32
turned,0.0002089296130854,5.32
turns,0.0002089296130854,5.32
turn,0.0002089296130854,5.32
whether,0.0002089296130854,5.32
among,0.0002041737944669,5.31
checked,0.0002041737944669,5.31
checks,0.0002041737944669,5.31
checking,0.0002041737944669,5.31
check,0.0002041737944669,5.31
developments,0.0002041737944669,5.31
development,0.0002041737944669,5.31
formed,0.0002041737944669,5.31
forms,0.0002041737944669,5.31
forming,0.0002041737944669,5.31
form,0.0002041737944669,5.31
furthered,0.0002041737944669,5.31
furthers,0.0002041737944669,5.31
furthering,0.0002041737944669,5.31
heart,0.0002041737944669,5.31
hearts,0.0002041737944669,5.31
minuting,0.0002041737944669,5.31
minuted,0.0002041737944669,5.31
minutes,0.0002041737944669,5.31
minuter,0.0002041737944669,5.31
minute,0.0002041737944669,5.31
minutest,0.0002041737944669,5.31
myself,0.0002041737944669,5.31
u.s,0.0002041737944669,5.31
yourself,0.0002041737944669,5.31
act,0.0001995262314968,5.3
acting,0.0001995262314968,5.3
acts,0.0001995262314968,5.3
acted,0.0001995262314968,5.3
although,0.0001995262314968,5.3
firing,0.0001995262314968,5.3
fired,0.0001995262314968,5.3
fires,0.0001995262314968,5.3
fire,0.0001995262314968,5.3
fun,0.0001995262314968,5.3
livings,0.0001995262314968,5.3
major,0.0001995262314968,5.3
majoring,0.0001995262314968,5.3
majors,0.0001995262314968,5.3
majored,0.0001995262314968,5.3
medium,0.0001995262314968,5.3
mediums,0.0001995262314968,5.3
media,0.0001995262314968,5.3
phones,0.0001995262314968,5.3
phoning,0.0001995262314968,5.3
phone,0.0001995262314968,5.3
phoned,0.0001995262314968,5.3
players,0.0001995262314968,5.3
player,0.0001995262314968,5.3
arts,0.0001949844599758,5.29
art,0.0001949844599758,5.29
behinds,0.0001949844599758,5.29
behind,0.0001949844599758,5.29
builds,0.0001949844599758,5.29
buildings,0.0001949844599758,5.29
building,0.0001949844599758,5.29
build,0.0001949844599758,5.29
built,0.0001949844599758,5.29
easier,0.0001949844599758,5.29
easiest,0.0001949844599758,5.29
easy,0.0001949844599758,5.29
gonna,0.0001949844599758,5.29
market,0.0001949844599758,5.29
marketing,0.0001949844599758,5.29
markets,0.0001949844599758,5.29
marketed,0.0001949844599758,5.29
nears,0.0001949844599758,5.29
nearest,0.0001949844599758,5.29
near,0.0001949844599758,5.29
neared,0.0001949844599758,5.29
nearer,0.0001949844599758,5.29
nearing,0.0001949844599758,5.29
non,0.0001949844599758,5.29
planned,0.0001949844599758,5.29
plans,0.0001949844599758,5.29
plan,0.0001949844599758,5.29
planning,0.0001949844599758,5.29
political,0.0001949844599758,5.29
quite,0.0001949844599758,5.29
six,0.0001949844599758,5.29
west,0.0001949844599758,5.29
0.00,0.0001905460717963,5.28
accords,0.0001905460717963,5.28
accorded,0.0001905460717963,5.28
accord,0.0001905460717963,5.28
according,0.0001905460717963,5.28
available,0.0001905460717963,5.28
e,0.0001905460717963,5.28
educations,0.0001905460717963,5.28
education,0.0001905460717963,5.28
final,0.0001905460717963,5.28
finals,0.0001905460717963,5.28
former,0.0001905460717963,5.28
formers,0.0001905460717963,5.28
fronting,0.0001905460717963,5.28
front,0.0001905460717963,5.28
fronted,0.0001905460717963,5.28
fronts,0.0001905460717963,5.28
kids,0.0001905460717963,5.28
kid,0.0001905460717963,5.28
kidded,0.0001905460717963,5.28
kidding,0.0001905460717963,5.28
listed,0.0001905460717963,5.28
listing,0.0001905460717963,5.28
list,0.0001905460717963,5.28
lists,0.0001905460717963,5.28
readied,0.0001905460717963,5.28
readier,0.0001905460717963,5.28
readies,0.0001905460717963,5.28
readiest,0.0001905460717963,5.28
readying,0.0001905460717963,5.28
ready,0.0001905460717963,5.28
sometimes,0.0001905460717963,5.28
sons,0.0001905460717963,5.28
son,0.0001905460717963,5.28
street,0.0001905460717963,5.28
streets,0.0001905460717963,5.28
wasn't,0.0001905460717963,5.28
bringing,0.0001862087136662,5.27
brought,0.0001862087136662,5.27
bring,0.0001862087136662,5.27
brings,0.0001862087136662,5.27
college,0.0001862087136662,5.27
colleges,0.0001862087136662,5.27
currents,0.0001862087136662,5.27
current,0.0001862087136662,5.27
examples,0.0001862087136662,5.27
example,0.0001862087136662,5.27
experience,0.0001862087136662,5.27
experiencing,0.0001862087136662,5.27
experiences,0.0001862087136662,5.27
experienced,0.0001862087136662,5.27
hear,0.0001862087136662,5.27
heard,0.0001862087136662,5.27
hearing,0.0001862087136662,5.27
hears,0.0001862087136662,5.27
london,0.0001862087136662,5.27
meeting,0.0001862087136662,5.27
meet,0.0001862087136662,5.27
met,0.0001862087136662,5.27
meets,0.0001862087136662,5.27
program,0.0001862087136662,5.27
programing,0.0001862087136662,5.27
programs,0.0001862087136662,5.27
programed,0.0001862087136662,5.27
types,0.0001862087136662,5.27
typed,0.0001862087136662,5.27
typing,0.0001862087136662,5.27
type,0.0001862087136662,5.27
babies,0.0001819700858609,5.26
babying,0.0001819700858609,5.26
babied,0.0001819700858609,5.26
baby,0.0001819700858609,5.26
chanced,0.0001819700858609,5.26
chancing,0.0001819700858609,5.26
chance,0.0001819700858609,5.26
chances,0.0001819700858609,5.26
fathers,0.0001819700858609,5.26
fathered,0.0001819700858609,5.26
father,0.0001819700858609,5.26
fathering,0.0001819700858609,5.26
marches,0.0001819700858609,5.26
marched,0.0001819700858609,5.26
marching,0.0001819700858609,5.26
march,0.0001819700858609,5.26
process,0.0001819700858609,5.26
processed,0.0001819700858609,5.26
processes,0.0001819700858609,5.26
processing,0.0001819700858609,5.26
she's,0.0001819700858609,5.26
song,0.0001819700858609,5.26
songs,0.0001819700858609,5.26
studying,0.0001819700858609,5.26
study,0.0001819700858609,5.26
studied,0.0001819700858609,5.26
studies,0.0001819700858609,5.26
worded,0.0001819700858609,5.26
wording,0.0001819700858609,5.26
word,0.0001819700858609,5.26
words,0.0001819700858609,5.26
across,0.0001778279410038,5.25
action,0.0001778279410038,5.25
actions,0.0001778279410038,5.25
actioning,0.0001778279410038,5.25
actioned,0.0001778279410038,5.25
clearing,0.0001778279410038,5.25
clear,0.0001778279410038,5.25
clears,0.0001778279410038,5.25
clearer,0.0001778279410038,5.25
cleared,0.0001778279410038,5.25
clearest,0.0001778279410038,5.25
himself,0.0001778279410038,5.25
outside,0.0001778279410038,5.25
outsides,0.0001778279410038,5.25
selves,0.0001778279410038,5.25
selfed,0.0001778279410038,5.25
selfing,0.0001778279410038,5.25
self,0.0001778279410038,5.25
selfs,0.0001778279410038,5.25
student,0.0001778279410038,5.25
students,0.0001778279410038,5.25
boarded,0.0001737800828749,5.24
board,0.0001737800828749,5.24
boards,0.0001737800828749,5.24
boarding,0.0001737800828749,5.24
cost,0.0001737800828749,5.24
costing,0.0001737800828749,5.24
costs,0.0001737800828749,5.24
costed,0.0001737800828749,5.24
cutting,0.0001737800828749,5.24
cuts,0.0001737800828749,5.24
cut,0.0001737800828749,5.24
dr,0.0001737800828749,5.24
fielding,0.0001737800828749,5.24
field,0.0001737800828749,5.24
fielded,0.0001737800828749,5.24
fields,0.0001737800828749,5.24
held,0.0001737800828749,5.24
hold,0.0001737800828749,5.24
holding,0.0001737800828749,5.24
holds,0.0001737800828749,5.24
instead,0.0001737800828749,5.24
mains,0.0001737800828749,5.24
main,0.0001737800828749,5.24
moments,0.0001737800828749,5.24
moment,0.0001737800828749,5.24
mothering,0.0001737800828749,5.24
mother,0.0001737800828749,5.24
mothered,0.0001737800828749,5.24
mothers,0.0001737800828749,5.24
road,0.0001737800828749,5.24
roads,0.0001737800828749,5.24
seeming,0.0001737800828749,5.24
seems,0.0001737800828749,5.24
seemed,0.0001737800828749,5.24
seem,0.0001737800828749,5.24
towns,0.0001737800828749,5.24
town,0.0001737800828749,5.24
de,0.0001698243652461,5.23
departments,0.0001698243652461,5.23
department,0.0001698243652461,5.23
energy,0.0001698243652461,5.23
energies,0.0001698243652461,5.23
fought,0.0001698243652461,5.23
fighting,0.0001698243652461,5.23
fight,0.0001698243652461,5.23
fights,0.0001698243652461,5.23
fine,0.0001698243652461,5.23
finest,0.0001698243652461,5.23
fining,0.0001698243652461,5.23
fined,0.0001698243652461,5.23
finer,0.0001698243652461,5.23
fines,0.0001698243652461,5.23
force,0.0001698243652461,5.23
forced,0.0001698243652461,5.23
forcing,0.0001698243652461,5.23
forces,0.0001698243652461,5.23
issues,0.0001698243652461,5.23
issued,0.0001698243652461,5.23
issue,0.0001698243652461,5.23
issuing,0.0001698243652461,5.23
prices,0.0001698243652461,5.23
price,0.0001698243652461,5.23
priced,0.0001698243652461,5.23
pricing,0.0001698243652461,5.23
re,0.0001698243652461,5.23
resting,0.0001698243652461,5.23
rested,0.0001698243652461,5.23
rest,0.0001698243652461,5.23
rests,0.0001698243652461,5.23
results,0.0001698243652461,5.23
resulting,0.0001698243652461,5.23
result,0.0001698243652461,5.23
resulted,0.0001698243652461,5.23
runnings,0.0001698243652461,5.23
space,0.0001698243652461,5.23
spaced,0.0001698243652461,5.23
spacing,0.0001698243652461,5.23
spaces,0.0001698243652461,5.23
summered,0.0001698243652461,5.23
summer,0.0001698243652461,5.23
summering,0.0001698243652461,5.23
summers,0.0001698243652461,5.23
terms,0.0001698243652461,5.23
term,0.0001698243652461,5.23
terming,0.0001698243652461,5.23
termed,0.0001698243652461,5.23
wife,0.0001698243652461,5.23
wives,0.0001698243652461,5.23
0,0.0001659586907437,5.22
america,0.0001659586907437,5.22
beautiful,0.0001659586907437,5.22
date,0.0001659586907437,5.22
dates,0.0001659586907437,5.22
dated,0.0001659586907437,5.22
dating,0.0001659586907437,5.22
kill,0.0001659586907437,5.22
killed,0.0001659586907437,5.22
kills,0.0001659586907437,5.22
killing,0.0001659586907437,5.22
landing,0.0001659586907437,5.22
land,0.0001659586907437,5.22
landed,0.0001659586907437,5.22
lands,0.0001659586907437,5.22
missed,0.0001659586907437,5.22
misses,0.0001659586907437,5.22
miss,0.0001659586907437,5.22
missing,0.0001659586907437,5.22
projects,0.0001659586907437,5.22
project,0.0001659586907437,5.22
projected,0.0001659586907437,5.22
projecting,0.0001659586907437,5.22
sexed,0.0001659586907437,5.22
sex,0.0001659586907437,5.22
sexes,0.0001659586907437,5.22
sexing,0.0001659586907437,5.22
shot,0.0001659586907437,5.22
shoots,0.0001659586907437,5.22
shooting,0.0001659586907437,5.22
shoot,0.0001659586907437,5.22
shots,0.0001659586907437,5.22
site,0.0001659586907437,5.22
siting,0.0001659586907437,5.22
sited,0.0001659586907437,5.22
sites,0.0001659586907437,5.22
stronger,0.0001659586907437,5.22
strong,0.0001659586907437,5.22
strongest,0.0001659586907437,5.22
you'll,0.0001659586907437,5.22
accounting,0.0001621810097358,5.21
accounts,0.0001621810097358,5.21
account,0.0001621810097358,5.21
accounted,0.0001621810097358,5.21
co,0.0001621810097358,5.21
especially,0.0001621810097358,5.21
eyeing,0.0001621810097358,5.21
eyed,0.0001621810097358,5.21
eying,0.0001621810097358,5.21
eyes,0.0001621810097358,5.21
eye,0.0001621810097358,5.21
june,0.0001621810097358,5.21
parent,0.0001621810097358,5.21
parents,0.0001621810097358,5.21
periods,0.0001621810097358,5.21
period,0.0001621810097358,5.21
position,0.0001621810097358,5.21
positioning,0.0001621810097358,5.21
positioned,0.0001621810097358,5.21
positions,0.0001621810097358,5.21
recorded,0.0001621810097358,5.21
recording,0.0001621810097358,5.21
records,0.0001621810097358,5.21
record,0.0001621810097358,5.21
similar,0.0001621810097358,5.21
total,0.0001621810097358,5.21
totalling,0.0001621810097358,5.21
totalled,0.0001621810097358,5.21
totaled,0.0001621810097358,5.21
totals,0.0001621810097358,5.21
totaling,0.0001621810097358,5.21
w,0.0001621810097358,5.21
above,0.0001584893192461,5.2
clubbing,0.0001584893192461,5.2
clubs,0.0001584893192461,5.2
clubbed,0.0001584893192461,5.2
club,0.0001584893192461,5.2
commoner,0.0001584893192461,5.2
common,0.0001584893192461,5.2
commonest,0.0001584893192461,5.2
commons,0.0001584893192461,5.2
die,0.0001584893192461,5.2
dies,0.0001584893192461,5.2
dying,0.0001584893192461,5.2
dice,0.0001584893192461,5.2
died,0.0001584893192461,5.2
films,0.0001584893192461,5.2
filming,0.0001584893192461,5.2
filmed,0.0001584893192461,5.2
film,0.0001584893192461,5.2
happening,0.0001584893192461,5.2
happened,0.0001584893192461,5.2
happens,0.0001584893192461,5.2
happen,0.0001584893192461,5.2
lead,0.0001584893192461,5.2
leading,0.0001584893192461,5.2
leads,0.0001584893192461,5.2
led,0.0001584893192461,5.2
likelier,0.0001584893192461,5.2
likely,0.0001584893192461,5.2
likeliest,0.0001584893192461,5.2
military,0.0001584893192461,5.2
militaries,0.0001584893192461,5.2
perfected,0.0001584893192461,5.2
perfecting,0.0001584893192461,5.2
perfect,0.0001584893192461,5.2
perfects,0.0001584893192461,5.2
personal,0.0001584893192461,5.2
personals,0.0001584893192461,5.2
security,0.0001584893192461,5.2
securities,0.0001584893192461,5.2
shares,0.0001584893192461,5.2
share,0.0001584893192461,5.2
sharing,0.0001584893192461,5.2
shared,0.0001584893192461,5.2
st,0.0001584893192461,5.2
tv,0.0001584893192461,5.2
what's,0.0001584893192461,5.2
x,0.0001584893192461,5.2
april,0.0001548816618912,5.19
centered,0.0001548816618912,5.19
center,0.0001548816618912,5.19
centers,0.0001548816618912,5.19
centering,0.0001548816618912,5.19
county,0.0001548816618912,5.19
couples,0.0001548816618912,5.19
coupling,0.0001548816618912,5.19
coupled,0.0001548816618912,5.19
couple,0.0001548816618912,5.19
deader,0.0001548816618912,5.19
dead,0.0001548816618912,5.19
deadest,0.0001548816618912,5.19
english,0.0001548816618912,5.19
industries,0.0001548816618912,5.19
industry,0.0001548816618912,5.19
insides,0.0001548816618912,5.19
inside,0.0001548816618912,5.19
online,0.0001548816618912,5.19
private,0.0001548816618912,5.19
privates,0.0001548816618912,5.19
returns,0.0001548816618912,5.19
return,0.0001548816618912,5.19
returned,0.0001548816618912,5.19
returning,0.0001548816618912,5.19
sensed,0.0001548816618912,5.19
sense,0.0001548816618912,5.19
sensing,0.0001548816618912,5.19
senses,0.0001548816618912,5.19
stars,0.0001548816618912,5.19
starring,0.0001548816618912,5.19
star,0.0001548816618912,5.19
starred,0.0001548816618912,5.19
tests,0.0001548816618912,5.19
testing,0.0001548816618912,5.19
tested,0.0001548816618912,5.19
test,0.0001548816618912,5.19
viewed,0.0001548816618912,5.19
views,0.0001548816618912,5.19
view,0.0001548816618912,5.19
viewing,0.0001548816618912,5.19
"000,000",0.0001513561248436,5.18
breaking,0.0001513561248436,5.18
broke,0.0001513561248436,5.18
breaks,0.0001513561248436,5.18
break,0.0001513561248436,5.18
broken,0.0001513561248436,5.18
british,0.0001513561248436,5.18
event,0.0001513561248436,5.18
events,0.0001513561248436,5.18
l,0.0001513561248436,5.18
middles,0.0001513561248436,5.18
middling,0.0001513561248436,5.18
middled,0.0001513561248436,5.18
middle,0.0001513561248436,5.18
presents,0.0001513561248436,5.18
presenting,0.0001513561248436,5.18
presented,0.0001513561248436,5.18
present,0.0001513561248436,5.18
sorriest,0.0001513561248436,5.18
sorrier,0.0001513561248436,5.18
sorry,0.0001513561248436,5.18
train,0.0001513561248436,5.18
trainings,0.0001513561248436,5.18
trained,0.0001513561248436,5.18
training,0.0001513561248436,5.18
trains,0.0001513561248436,5.18
wishing,0.0001513561248436,5.18
wish,0.0001513561248436,5.18
wishes,0.0001513561248436,5.18
wished,0.0001513561248436,5.18
wouldn't,0.0001513561248436,5.18
answer,0.0001479108388168,5.17
answers,0.0001479108388168,5.17
answered,0.0001479108388168,5.17
answering,0.0001479108388168,5.17
boys,0.0001479108388168,5.17
boy,0.0001479108388168,5.17
designs,0.0001479108388168,5.17
designing,0.0001479108388168,5.17
designed,0.0001479108388168,5.17
design,0.0001479108388168,5.17
finally,0.0001479108388168,5.17
gold,0.0001479108388168,5.17
golds,0.0001479108388168,5.17
guess,0.0001479108388168,5.17
guessed,0.0001479108388168,5.17
guessing,0.0001479108388168,5.17
guesses,0.0001479108388168,5.17
interests,0.0001479108388168,5.17
interest,0.0001479108388168,5.17
interesting,0.0001479108388168,5.17
interested,0.0001479108388168,5.17
july,0.0001479108388168,5.17
kinged,0.0001479108388168,5.17
kinging,0.0001479108388168,5.17
king,0.0001479108388168,5.17
kings,0.0001479108388168,5.17
learning,0.0001479108388168,5.17
learned,0.0001479108388168,5.17
learns,0.0001479108388168,5.17
learn,0.0001479108388168,5.17
learnt,0.0001479108388168,5.17
policy,0.0001479108388168,5.17
policies,0.0001479108388168,5.17
society,0.0001479108388168,5.17
societies,0.0001479108388168,5.17
add,0.0001445439770745,5.16
added,0.0001445439770745,5.16
adds,0.0001445439770745,5.16
adding,0.0001445439770745,5.16
al,0.0001445439770745,5.16
alone,0.0001445439770745,5.16
average,0.0001445439770745,5.16
averages,0.0001445439770745,5.16
averaging,0.0001445439770745,5.16
averaged,0.0001445439770745,5.16
bank,0.0001445439770745,5.16
banks,0.0001445439770745,5.16
banking,0.0001445439770745,5.16
banked,0.0001445439770745,5.16
certain,0.0001445439770745,5.16
churches,0.0001445439770745,5.16
church,0.0001445439770745,5.16
east,0.0001445439770745,5.16
hotting,0.0001445439770745,5.16
hotter,0.0001445439770745,5.16
hot,0.0001445439770745,5.16
hotted,0.0001445439770745,5.16
hots,0.0001445439770745,5.16
hottest,0.0001445439770745,5.16
let's,0.0001445439770745,5.16
medical,0.0001445439770745,5.16
medicals,0.0001445439770745,5.16
movies,0.0001445439770745,5.16
movie,0.0001445439770745,5.16
originals,0.0001445439770745,5.16
original,0.0001445439770745,5.16
parks,0.0001445439770745,5.16
parked,0.0001445439770745,5.16
park,0.0001445439770745,5.16
parking,0.0001445439770745,5.16
performance,0.0001445439770745,5.16
performances,0.0001445439770745,5.16
pressed,0.0001445439770745,5.16
presses,0.0001445439770745,5.16
press,0.0001445439770745,5.16
pressing,0.0001445439770745,5.16
received,0.0001445439770745,5.16
receive,0.0001445439770745,5.16
receiving,0.0001445439770745,5.16
receives,0.0001445439770745,5.16
role,0.0001445439770745,5.16
roles,0.0001445439770745,5.16
sending,0.0001445439770745,5.16
send,0.0001445439770745,5.16
sent,0.0001445439770745,5.16
sends,0.0001445439770745,5.16
themselves,0.0001445439770745,5.16
worth,0.0001445439770745,5.16
billing,0.0001412537544622,5.15
bill,0.0001412537544622,5.15
billed,0.0001412537544622,5.15
bills,0.0001412537544622,5.15
cools,0.0001412537544622,5.15
cool,0.0001412537544622,5.15
cooled,0.0001412537544622,5.15
coolest,0.0001412537544622,5.15
cooling,0.0001412537544622,5.15
cooler,0.0001412537544622,5.15
director,0.0001412537544622,5.15
directors,0.0001412537544622,5.15
exactly,0.0001412537544622,5.15
grinding,0.0001412537544622,5.15
grounds,0.0001412537544622,5.15
grinded,0.0001412537544622,5.15
grounding,0.0001412537544622,5.15
grinds,0.0001412537544622,5.15
grounded,0.0001412537544622,5.15
ground,0.0001412537544622,5.15
grind,0.0001412537544622,5.15
meetings,0.0001412537544622,5.15
n,0.0001412537544622,5.15
provides,0.0001412537544622,5.15
providing,0.0001412537544622,5.15
provided,0.0001412537544622,5.15
provide,0.0001412537544622,5.15
relationships,0.0001412537544622,5.15
relationship,0.0001412537544622,5.15
september,0.0001412537544622,5.15
sound,0.0001412537544622,5.15
sounder,0.0001412537544622,5.15
sounded,0.0001412537544622,5.15
sounding,0.0001412537544622,5.15
sounds,0.0001412537544622,5.15
soundest,0.0001412537544622,5.15
sources,0.0001412537544622,5.15
source,0.0001412537544622,5.15
sourced,0.0001412537544622,5.15
sourcing,0.0001412537544622,5.15
usually,0.0001412537544622,5.15
value,0.0001412537544622,5.15
valuing,0.0001412537544622,5.15
values,0.0001412537544622,5.15
valued,0.0001412537544622,5.15
evidences,0.0001380384264602,5.14
evidence,0.0001380384264602,5.14
evidencing,0.0001380384264602,5.14
evidenced,0.0001380384264602,5.14
officials,0.0001380384264602,5.14
official,0.0001380384264602,5.14
ok,0.0001380384264602,5.14
production,0.0001380384264602,5.14
productions,0.0001380384264602,5.14
rates,0.0001380384264602,5.14
rate,0.0001380384264602,5.14
rated,0.0001380384264602,5.14
rating,0.0001380384264602,5.14
readings,0.0001380384264602,5.14
rounded,0.0001380384264602,5.14
roundest,0.0001380384264602,5.14
rounds,0.0001380384264602,5.14
rounder,0.0001380384264602,5.14
rounding,0.0001380384264602,5.14
round,0.0001380384264602,5.14
saved,0.0001380384264602,5.14
saves,0.0001380384264602,5.14
saving,0.0001380384264602,5.14
save,0.0001380384264602,5.14
stood,0.0001380384264602,5.14
standing,0.0001380384264602,5.14
stand,0.0001380384264602,5.14
stands,0.0001380384264602,5.14
stuffs,0.0001380384264602,5.14
stuffing,0.0001380384264602,5.14
stuff,0.0001380384264602,5.14
stuffed,0.0001380384264602,5.14
tax,0.0001380384264602,5.14
taxed,0.0001380384264602,5.14
taxes,0.0001380384264602,5.14
taxing,0.0001380384264602,5.14
whatever,0.0001380384264602,5.14
amounting,0.0001348962882591,5.13
amounts,0.0001348962882591,5.13
amounted,0.0001348962882591,5.13
amount,0.0001348962882591,5.13
blueing,0.0001348962882591,5.13
blued,0.0001348962882591,5.13
blues,0.0001348962882591,5.13
blueer,0.0001348962882591,5.13
bluing,0.0001348962882591,5.13
blue,0.0001348962882591,5.13
blueest,0.0001348962882591,5.13
david,0.0001348962882591,5.13
drove,0.0001348962882591,5.13
driving,0.0001348962882591,5.13
driven,0.0001348962882591,5.13
drives,0.0001348962882591,5.13
drive,0.0001348962882591,5.13
eating,0.0001348962882591,5.13
eats,0.0001348962882591,5.13
eaten,0.0001348962882591,5.13
ate,0.0001348962882591,5.13
eat,0.0001348962882591,5.13
fell,0.0001348962882591,5.13
fall,0.0001348962882591,5.13
falls,0.0001348962882591,5.13
fallen,0.0001348962882591,5.13
falling,0.0001348962882591,5.13
faster,0.0001348962882591,5.13
fasting,0.0001348962882591,5.13
fast,0.0001348962882591,5.13
fasts,0.0001348962882591,5.13
fastest,0.0001348962882591,5.13
fasted,0.0001348962882591,5.13
federal,0.0001348962882591,5.13
federals,0.0001348962882591,5.13
feelings,0.0001348962882591,5.13
felts,0.0001348962882591,5.13
greens,0.0001348962882591,5.13
green,0.0001348962882591,5.13
greening,0.0001348962882591,5.13
greened,0.0001348962882591,5.13
greener,0.0001348962882591,5.13
greenest,0.0001348962882591,5.13
leagues,0.0001348962882591,5.13
league,0.0001348962882591,5.13
leagued,0.0001348962882591,5.13
leaguing,0.0001348962882591,5.13
management,0.0001348962882591,5.13
managements,0.0001348962882591,5.13
matches,0.0001348962882591,5.13
match,0.0001348962882591,5.13
matched,0.0001348962882591,5.13
matching,0.0001348962882591,5.13
modeling,0.0001348962882591,5.13
modelled,0.0001348962882591,5.13
model,0.0001348962882591,5.13
modeled,0.0001348962882591,5.13
modelling,0.0001348962882591,5.13
models,0.0001348962882591,5.13
p,0.0001348962882591,5.13
picturing,0.0001348962882591,5.13
picture,0.0001348962882591,5.13
pictured,0.0001348962882591,5.13
pictures,0.0001348962882591,5.13
sizing,0.0001348962882591,5.13
sizes,0.0001348962882591,5.13
sized,0.0001348962882591,5.13
size,0.0001348962882591,5.13
stepped,0.0001348962882591,5.13
steps,0.0001348962882591,5.13
stepping,0.0001348962882591,5.13
step,0.0001348962882591,5.13
trusts,0.0001348962882591,5.13
trusting,0.0001348962882591,5.13
trust,0.0001348962882591,5.13
trusted,0.0001348962882591,5.13
you've,0.0001348962882591,5.13
centrals,0.0001318256738556,5.12
central,0.0001318256738556,5.12
england,0.0001318256738556,5.12
forward,0.0001318256738556,5.12
forwards,0.0001318256738556,5.12
forwarding,0.0001318256738556,5.12
forwarded,0.0001318256738556,5.12
hey,0.0001318256738556,5.12
keying,0.0001318256738556,5.12
key,0.0001318256738556,5.12
keys,0.0001318256738556,5.12
keyed,0.0001318256738556,5.12
mom,0.0001318256738556,5.12
moms,0.0001318256738556,5.12
o,0.0001318256738556,5.12
paging,0.0001318256738556,5.12
paged,0.0001318256738556,5.12
page,0.0001318256738556,5.12
pages,0.0001318256738556,5.12
ranged,0.0001318256738556,5.12
ranging,0.0001318256738556,5.12
ranges,0.0001318256738556,5.12
range,0.0001318256738556,5.12
review,0.0001318256738556,5.12
reviews,0.0001318256738556,5.12
reviewed,0.0001318256738556,5.12
reviewing,0.0001318256738556,5.12
sciences,0.0001318256738556,5.12
science,0.0001318256738556,5.12
traded,0.0001318256738556,5.12
trades,0.0001318256738556,5.12
trading,0.0001318256738556,5.12
trade,0.0001318256738556,5.12
uk,0.0001318256738556,5.12
upon,0.0001318256738556,5.12
various,0.0001318256738556,5.12
attention,0.0001288249551693,5.11
attentions,0.0001288249551693,5.11
brothers,0.0001288249551693,5.11
brother,0.0001288249551693,5.11
cannot,0.0001288249551693,5.11
characters,0.0001288249551693,5.11
character,0.0001288249551693,5.11
chiefs,0.0001288249551693,5.11
chief,0.0001288249551693,5.11
cup,0.0001288249551693,5.11
cups,0.0001288249551693,5.11
cupping,0.0001288249551693,5.11
cupped,0.0001288249551693,5.11
footballs,0.0001288249551693,5.11
football,0.0001288249551693,5.11
hating,0.0001288249551693,5.11
hated,0.0001288249551693,5.11
hate,0.0001288249551693,5.11
hates,0.0001288249551693,5.11
haven't,0.0001288249551693,5.11
james,0.0001288249551693,5.11
lowered,0.0001288249551693,5.11
lowers,0.0001288249551693,5.11
lowering,0.0001288249551693,5.11
natural,0.0001288249551693,5.11
naturals,0.0001288249551693,5.11
october,0.0001288249551693,5.11
properties,0.0001288249551693,5.11
property,0.0001288249551693,5.11
quality,0.0001288249551693,5.11
qualities,0.0001288249551693,5.11
styled,0.0001288249551693,5.11
styles,0.0001288249551693,5.11
style,0.0001288249551693,5.11
styling,0.0001288249551693,5.11
u,0.0001288249551693,5.11
votes,0.0001288249551693,5.11
voted,0.0001288249551693,5.11
vote,0.0001288249551693,5.11
voting,0.0001288249551693,5.11
00.00,0.0001258925411794,5.1
amazing,0.0001258925411794,5.1
amaze,0.0001258925411794,5.1
amazes,0.0001258925411794,5.1
amazed,0.0001258925411794,5.1
august,0.0001258925411794,5.1
blooding,0.0001258925411794,5.1
blood,0.0001258925411794,5.1
blooded,0.0001258925411794,5.1
bloods,0.0001258925411794,5.1
china,0.0001258925411794,5.1
chinas,0.0001258925411794,5.1
complete,0.0001258925411794,5.1
completes,0.0001258925411794,5.1
completed,0.0001258925411794,5.1
completing,0.0001258925411794,5.1
dog,0.0001258925411794,5.1
dogs,0.0001258925411794,5.1
dogging,0.0001258925411794,5.1
dogged,0.0001258925411794,5.1
economic,0.0001258925411794,5.1
hells,0.0001258925411794,5.1
hell,0.0001258925411794,5.1
involves,0.0001258925411794,5.1
involved,0.0001258925411794,5.1
involving,0.0001258925411794,5.1
involve,0.0001258925411794,5.1
itself,0.0001258925411794,5.1
languages,0.0001258925411794,5.1
languaged,0.0001258925411794,5.1
language,0.0001258925411794,5.1
languaging,0.0001258925411794,5.1
lord,0.0001258925411794,5.1
lorded,0.0001258925411794,5.1
lords,0.0001258925411794,5.1
lording,0.0001258925411794,5.1
november,0.0001258925411794,5.1
oil,0.0001258925411794,5.1
oiled,0.0001258925411794,5.1
oiling,0.0001258925411794,5.1
oils,0.0001258925411794,5.1
relate,0.0001258925411794,5.1
related,0.0001258925411794,5.1
relates,0.0001258925411794,5.1
relating,0.0001258925411794,5.1
serious,0.0001258925411794,5.1
stages,0.0001258925411794,5.1
staged,0.0001258925411794,5.1
stage,0.0001258925411794,5.1
staging,0.0001258925411794,5.1
titles,0.0001258925411794,5.1
titling,0.0001258925411794,5.1
titled,0.0001258925411794,5.1
title,0.0001258925411794,5.1
articled,0.0001230268770812,5.09
articles,0.0001230268770812,5.09
articling,0.0001230268770812,5.09
article,0.0001230268770812,5.09
attacked,0.0001230268770812,5.09
attack,0.0001230268770812,5.09
attacks,0.0001230268770812,5.09
attacking,0.0001230268770812,5.09
bear,0.0001230268770812,5.09
bearing,0.0001230268770812,5.09
born,0.0001230268770812,5.09
bore,0.0001230268770812,5.09
borne,0.0001230268770812,5.09
bears,0.0001230268770812,5.09
couldn't,0.0001230268770812,5.09
damning,0.0001230268770812,5.09
damn,0.0001230268770812,5.09
damns,0.0001230268770812,5.09
damned,0.0001230268770812,5.09
decides,0.0001230268770812,5.09
decided,0.0001230268770812,5.09
decide,0.0001230268770812,5.09
deciding,0.0001230268770812,5.09
decisions,0.0001230268770812,5.09
decision,0.0001230268770812,5.09
enjoy,0.0001230268770812,5.09
enjoying,0.0001230268770812,5.09
enjoys,0.0001230268770812,5.09
enjoyed,0.0001230268770812,5.09
entire,0.0001230268770812,5.09
french,0.0001230268770812,5.09
january,0.0001230268770812,5.09
perhaps,0.0001230268770812,5.09
poorer,0.0001230268770812,5.09
poor,0.0001230268770812,5.09
poorest,0.0001230268770812,5.09
release,0.0001230268770812,5.09
released,0.0001230268770812,5.09
releasing,0.0001230268770812,5.09
releases,0.0001230268770812,5.09
situations,0.0001230268770812,5.09
situation,0.0001230268770812,5.09
technologies,0.0001230268770812,5.09
technology,0.0001230268770812,5.09
website,0.0001230268770812,5.09
writes,0.0001230268770812,5.09
wrote,0.0001230268770812,5.09
writing,0.0001230268770812,5.09
written,0.0001230268770812,5.09
write,0.0001230268770812,5.09
choicer,0.0001202264434617,5.08
choice,0.0001202264434617,5.08
choices,0.0001202264434617,5.08
choicest,0.0001202264434617,5.08
coding,0.0001202264434617,5.08
code,0.0001202264434617,5.08
coded,0.0001202264434617,5.08
codes,0.0001202264434617,5.08
considers,0.0001202264434617,5.08
consider,0.0001202264434617,5.08
considered,0.0001202264434617,5.08
considering,0.0001202264434617,5.08
continues,0.0001202264434617,5.08
continued,0.0001202264434617,5.08
continue,0.0001202264434617,5.08
continuing,0.0001202264434617,5.08
council,0.0001202264434617,5.08
councils,0.0001202264434617,5.08
cover,0.0001202264434617,5.08
covers,0.0001202264434617,5.08
covered,0.0001202264434617,5.08
covering,0.0001202264434617,5.08
currently,0.0001202264434617,5.08
door,0.0001202264434617,5.08
doors,0.0001202264434617,5.08
election,0.0001202264434617,5.08
elections,0.0001202264434617,5.08
european,0.0001202264434617,5.08
f,0.0001202264434617,5.08
financial,0.0001202264434617,5.08
foreign,0.0001202264434617,5.08
hairs,0.0001202264434617,5.08
hair,0.0001202264434617,5.08
increases,0.0001202264434617,5.08
increase,0.0001202264434617,5.08
increased,0.0001202264434617,5.08
increasing,0.0001202264434617,5.08
legal,0.0001202264434617,5.08
michael,0.0001202264434617,5.08
picks,0.0001202264434617,5.08
picking,0.0001202264434617,5.08
pick,0.0001202264434617,5.08
picked,0.0001202264434617,5.08
racing,0.0001202264434617,5.08
race,0.0001202264434617,5.08
raced,0.0001202264434617,5.08
races,0.0001202264434617,5.08
seven,0.0001202264434617,5.08
signing,0.0001202264434617,5.08
signed,0.0001202264434617,5.08
signs,0.0001202264434617,5.08
sign,0.0001202264434617,5.08
simpler,0.0001202264434617,5.08
simples,0.0001202264434617,5.08
simplest,0.0001202264434617,5.08
simple,0.0001202264434617,5.08
simply,0.0001202264434617,5.08
staff,0.0001202264434617,5.08
staffed,0.0001202264434617,5.08
staffs,0.0001202264434617,5.08
staffing,0.0001202264434617,5.08
super,0.0001202264434617,5.08
supers,0.0001202264434617,5.08
union,0.0001202264434617,5.08
unions,0.0001202264434617,5.08
walking,0.0001202264434617,5.08
walk,0.0001202264434617,5.08
walked,0.0001202264434617,5.08
walks,0.0001202264434617,5.08
washington,0.0001202264434617,5.08
bedding,0.0001174897554939,5.07
bed,0.0001174897554939,5.07
beds,0.0001174897554939,5.07
bedded,0.0001174897554939,5.07
begin,0.0001174897554939,5.07
beginning,0.0001174897554939,5.07
began,0.0001174897554939,5.07
begun,0.0001174897554939,5.07
begins,0.0001174897554939,5.07
careered,0.0001174897554939,5.07
careers,0.0001174897554939,5.07
career,0.0001174897554939,5.07
careering,0.0001174897554939,5.07
craziest,0.0001174897554939,5.07
crazy,0.0001174897554939,5.07
crazier,0.0001174897554939,5.07
daily,0.0001174897554939,5.07
dailies,0.0001174897554939,5.07
daughters,0.0001174897554939,5.07
daughter,0.0001174897554939,5.07
december,0.0001174897554939,5.07
difficult,0.0001174897554939,5.07
figure,0.0001174897554939,5.07
figures,0.0001174897554939,5.07
figured,0.0001174897554939,5.07
figuring,0.0001174897554939,5.07
hospitals,0.0001174897554939,5.07
hospital,0.0001174897554939,5.07
losses,0.0001174897554939,5.07
loss,0.0001174897554939,5.07
moderner,0.0001174897554939,5.07
modernest,0.0001174897554939,5.07
moderns,0.0001174897554939,5.07
modern,0.0001174897554939,5.07
papers,0.0001174897554939,5.07
paper,0.0001174897554939,5.07
papering,0.0001174897554939,5.07
papered,0.0001174897554939,5.07
popular,0.0001174897554939,5.07
publish,0.0001174897554939,5.07
publishes,0.0001174897554939,5.07
publishing,0.0001174897554939,5.07
published,0.0001174897554939,5.07
safe,0.0001174897554939,5.07
safest,0.0001174897554939,5.07
safed,0.0001174897554939,5.07
safes,0.0001174897554939,5.07
safing,0.0001174897554939,5.07
safer,0.0001174897554939,5.07
versions,0.0001174897554939,5.07
versioning,0.0001174897554939,5.07
version,0.0001174897554939,5.07
versioned,0.0001174897554939,5.07
voices,0.0001174897554939,5.07
voiced,0.0001174897554939,5.07
voicing,0.0001174897554939,5.07
voice,0.0001174897554939,5.07
whose,0.0001174897554939,5.07
army,0.0001148153621496,5.06
armies,0.0001148153621496,5.06
australia,0.0001148153621496,5.06
earths,0.0001148153621496,5.06
earthed,0.0001148153621496,5.06
earth,0.0001148153621496,5.06
earthing,0.0001148153621496,5.06
forgetting,0.0001148153621496,5.06
forgotten,0.0001148153621496,5.06
forget,0.0001148153621496,5.06
forgets,0.0001148153621496,5.06
forgot,0.0001148153621496,5.06
goal,0.0001148153621496,5.06
goals,0.0001148153621496,5.06
h,0.0001148153621496,5.06
huge,0.0001148153621496,5.06
huger,0.0001148153621496,5.06
hugest,0.0001148153621496,5.06
internets,0.0001148153621496,5.06
internet,0.0001148153621496,5.06
listens,0.0001148153621496,5.06
listening,0.0001148153621496,5.06
listened,0.0001148153621496,5.06
listen,0.0001148153621496,5.06
o.k.'s,0.0001148153621496,5.06
ok'd,0.0001148153621496,5.06
okay,0.0001148153621496,5.06
ok'ing,0.0001148153621496,5.06
okaying,0.0001148153621496,5.06
okays,0.0001148153621496,5.06
o.k.'d,0.0001148153621496,5.06
o.k.'ing,0.0001148153621496,5.06
okayed,0.0001148153621496,5.06
ok's,0.0001148153621496,5.06
practice,0.0001148153621496,5.06
practiced,0.0001148153621496,5.06
practicing,0.0001148153621496,5.06
practices,0.0001148153621496,5.06
ruled,0.0001148153621496,5.06
rules,0.0001148153621496,5.06
ruling,0.0001148153621496,5.06
rule,0.0001148153621496,5.06
sea,0.0001148153621496,5.06
seas,0.0001148153621496,5.06
sir,0.0001148153621496,5.06
sirs,0.0001148153621496,5.06
success,0.0001148153621496,5.06
successes,0.0001148153621496,5.06
towards,0.0001148153621496,5.06
v,0.0001148153621496,5.06
access,0.0001122018454301,5.05
accesses,0.0001122018454301,5.05
accessing,0.0001122018454301,5.05
accessed,0.0001122018454301,5.05
aren't,0.0001122018454301,5.05
below,0.0001122018454301,5.05
creating,0.0001122018454301,5.05
create,0.0001122018454301,5.05
creates,0.0001122018454301,5.05
created,0.0001122018454301,5.05
deepest,0.0001122018454301,5.05
deeper,0.0001122018454301,5.05
deep,0.0001122018454301,5.05
la,0.0001122018454301,5.05
lol,0.0001122018454301,5.05
marked,0.0001122018454301,5.05
mark,0.0001122018454301,5.05
marking,0.0001122018454301,5.05
marks,0.0001122018454301,5.05
offering,0.0001122018454301,5.05
offered,0.0001122018454301,5.05
offer,0.0001122018454301,5.05
offers,0.0001122018454301,5.05
passing,0.0001122018454301,5.05
passes,0.0001122018454301,5.05
pass,0.0001122018454301,5.05
passed,0.0001122018454301,5.05
professionals,0.0001122018454301,5.05
professional,0.0001122018454301,5.05
risking,0.0001122018454301,5.05
risked,0.0001122018454301,5.05
risk,0.0001122018454301,5.05
risks,0.0001122018454301,5.05
sleeps,0.0001122018454301,5.05
slept,0.0001122018454301,5.05
sleep,0.0001122018454301,5.05
sleeping,0.0001122018454301,5.05
table,0.0001122018454301,5.05
tabling,0.0001122018454301,5.05
tabled,0.0001122018454301,5.05
tables,0.0001122018454301,5.05
ten,0.0001122018454301,5.05
truths,0.0001122018454301,5.05
truth,0.0001122018454301,5.05
balls,0.0001096478196143,5.04
balled,0.0001096478196143,5.04
balling,0.0001096478196143,5.04
ball,0.0001096478196143,5.04
boxing,0.0001096478196143,5.04
boxed,0.0001096478196143,5.04
boxes,0.0001096478196143,5.04
box,0.0001096478196143,5.04
cards,0.0001096478196143,5.04
card,0.0001096478196143,5.04
carded,0.0001096478196143,5.04
carding,0.0001096478196143,5.04
dark,0.0001096478196143,5.04
darkest,0.0001096478196143,5.04
darker,0.0001096478196143,5.04
districts,0.0001096478196143,5.04
district,0.0001096478196143,5.04
europe,0.0001096478196143,5.04
george,0.0001096478196143,5.04
india,0.0001096478196143,5.04
mining,0.0001096478196143,5.04
mined,0.0001096478196143,5.04
mines,0.0001096478196143,5.04
mine,0.0001096478196143,5.04
ministering,0.0001096478196143,5.04
minister,0.0001096478196143,5.04
ministers,0.0001096478196143,5.04
ministered,0.0001096478196143,5.04
note,0.0001096478196143,5.04
noted,0.0001096478196143,5.04
noting,0.0001096478196143,5.04
notes,0.0001096478196143,5.04
percents,0.0001096478196143,5.04
percent,0.0001096478196143,5.04
piecing,0.0001096478196143,5.04
piece,0.0001096478196143,5.04
pieces,0.0001096478196143,5.04
pieced,0.0001096478196143,5.04
products,0.0001096478196143,5.04
product,0.0001096478196143,5.04
producted,0.0001096478196143,5.04
producting,0.0001096478196143,5.04
recent,0.0001096478196143,5.04
straightest,0.0001096478196143,5.04
straights,0.0001096478196143,5.04
straight,0.0001096478196143,5.04
straighter,0.0001096478196143,5.04
visited,0.0001096478196143,5.04
visit,0.0001096478196143,5.04
visiting,0.0001096478196143,5.04
visits,0.0001096478196143,5.04
wall,0.0001096478196143,5.04
walls,0.0001096478196143,5.04
walled,0.0001096478196143,5.04
walling,0.0001096478196143,5.04
wanna,0.0001096478196143,5.04
we've,0.0001096478196143,5.04
allowed,0.0001071519305237,5.03
allows,0.0001071519305237,5.03
allow,0.0001071519305237,5.03
allowing,0.0001071519305237,5.03
culture,0.0001071519305237,5.03
cultured,0.0001071519305237,5.03
cultures,0.0001071519305237,5.03
culturing,0.0001071519305237,5.03
etc,0.0001071519305237,5.03
fanned,0.0001071519305237,5.03
fans,0.0001071519305237,5.03
fan,0.0001071519305237,5.03
fanning,0.0001071519305237,5.03
